sample,EMF_MFS,EMF_RZS,deltaEMF,Niche,treatment,group,Nitrogen,NicheSelc,richness_RHI,PCoA1_RHI,richness_AMF,PCoA1_AMF,nifH,Anammox_Bacteria,hzsB,amoA_archaea,amoA_becteria,nxrA,comammoxA,napA,nirS,nirK,qnorB,nosZ,TN,NH4_N,NO3_N,MBN,TC,OM,MBC,TP,AP,TK,AK,pH,APP,LAP,NAG,Urease,BG,CBH,BX,AKP,Ngenes
N0.N.1,-0.273594735,0.24174438,0.329844997,Nodule,N0,N0.N,0,4,50,-0.531174073,99,0.035051991,70285513.92,885023.1312,29272.81013,501048.7352,152048433.3,15318.40695,2262748.375,293706.8883,2926312.376,571812085.5,0,56126.98924,1.124672747,0.796398467,11.46394636,8.550804598,16.47857189,18.19851644,113.8979932,1.552706553,52.9,20.02442002,120,8.11,1.920858351,1.287377941,0.00494039,0.153350939,0.011636186,0.010809265,0.00482943,0.059233382,-0.184975018
N0.N.2,-0.321117081,0.024540671,0.279965753,Nodule,N0,N0.N,0,4,39,-0.531217388,75,0.044328518,29360769.58,304363.466,5505.270408,69376.83035,34248347.97,3902.627888,319275.0816,60002.46672,566743.6028,175358220.5,0,15967.34849,1.109150505,0.922145594,11.20197318,8.718467433,16.03424311,17.43639923,108.6411628,1.573398216,52.1,20.1135442,120,8.1,0.256402401,0.951537203,0.005924752,0.158168949,0.009338685,0.009346654,0.007995035,0.06241588,-0.686381483
N0.N.3,-0.371243004,0.195649549,0.403539126,Nodule,N0,N0.N,0,4,49,-0.531120193,452,-0.044703958,39541025.55,239817.7702,8164.512869,58287.42674,36507741.08,7010.27191,740025.863,44563.77238,1263135.472,204060292.4,0,44246.74148,1.110307729,0.953582375,11.30676245,9.389118774,16.13422871,17.336625,113.8979932,1.567256273,50.3,20.0740436,119,8.03,0.085018507,1.084967515,0.004821331,0.153513206,0.009109372,0.008868732,0.005392078,0.052342077,-0.58879765
N0.N.4,-0.392166303,0.106999952,0.340880888,Nodule,N0,N0.N,0,4,26,-0.531228496,180,-0.067935281,50957806.34,441075.4583,46966.5239,339077.4144,106254691.1,17962.54364,4557192.349,308428.5267,2433823.228,736927616.1,0,51696.86784,1.150425977,0.838314176,11.36963602,8.718467433,16.46581769,17.92855566,115.65027,1.527609835,52.7,20.15316405,120,8,0.449421603,1.035590347,0.005327318,0.150646419,0.007412271,0.008960286,0.005688205,0.029506364,-0.220730093
N0.N.5,-0.259851215,-0.09305673,0.087042759,Nodule,N0,N0.N,0,4,45,-0.531199518,184,0.01882658,75554489.48,680438.1414,73778.54537,609936.2982,205393110.8,26199.1991,3925365.584,626971.1682,2106484.329,508031352.6,0,78721.49478,1.132215118,0.78591954,11.12862069,8.969961686,16.34610534,17.97550464,122.6593773,1.582955949,50.1,20.25524907,120,7.99,0.360681637,1.52094194,0.00565362,0.151775518,0.009031229,0.007878001,0.004076527,0.07447219,-0.05048632
N0.R.1,-0.273594735,0.24174438,0.329844997,Root,N0,N0.R,0,3,373,-0.109342662,276,0.01339162,17178.82228,533462.6843,770506.9675,505992.364,4004382644,8403.270449,33378000.14,486347.6986,17178.82228,1321335.878,956.4502144,72764.36022,1.124672747,0.796398467,11.46394636,8.550804598,16.47857189,18.19851644,113.8979932,1.552706553,52.9,20.02442002,120,8.11,1.920858351,1.287377941,0.00494039,0.153350939,0.011636186,0.010809265,0.00482943,0.059233382,-0.081518379
N0.R.2,-0.321117081,0.024540671,0.279965753,Root,N0,N0.R,0,3,361,-0.470878113,233,0.018341041,30768.84158,1207375.612,668264.1941,586047.9811,1366456978,8398.556551,34743998.38,480448.2659,30768.84158,4274213.207,413.3691933,149758.0323,1.109150505,0.922145594,11.20197318,8.718467433,16.03424311,17.43639923,108.6411628,1.573398216,52.1,20.1135442,120,8.1,0.256402401,0.951537203,0.005924752,0.158168949,0.009338685,0.009346654,0.007995035,0.06241588,-0.182722382
N0.R.3,-0.371243004,0.195649549,0.403539126,Root,N0,N0.R,0,3,269,-0.237997704,144,0.015532486,25734.63507,512942.9523,811499.6545,522993.3569,2670530487,9349.465254,37279485.86,477141.0553,25734.63507,1520718.43,672.3745351,83923.40147,1.110307729,0.953582375,11.30676245,9.389118774,16.13422871,17.336625,113.8979932,1.567256273,50.3,20.0740436,119,8.03,0.085018507,1.084967515,0.004821331,0.153513206,0.009109372,0.008868732,0.005392078,0.052342077,-0.08695798
N0.R.4,-0.392166303,0.106999952,0.340880888,Root,N0,N0.R,0,3,394,-0.010278048,192,0.018156539,24604.84639,620468.5933,827079.9218,508259.557,475997937.2,7359.030285,33337919.5,290992.5491,24604.84639,1723777.642,100.4377601,82980.02399,1.150425977,0.838314176,11.36963602,8.718467433,16.46581769,17.92855566,115.65027,1.527609835,52.7,20.15316405,120,8,0.449421603,1.035590347,0.005327318,0.150646419,0.007412271,0.008960286,0.005688205,0.029506364,-0.248717305
N0.R.5,-0.259851215,-0.09305673,0.087042759,Root,N0,N0.R,0,3,138,-0.461441184,101,0.038642373,27638.44768,234246.4238,781081.6705,358110.5512,1648228875,7966.803378,30232177.47,393513.2812,27638.44768,1518266.528,308.0066869,78450.85322,1.132215118,0.78591954,11.12862069,8.969961686,16.34610534,17.97550464,122.6593773,1.582955949,50.1,20.25524907,120,7.99,0.360681637,1.52094194,0.00565362,0.151775518,0.009031229,0.007878001,0.004076527,0.07447219,-0.213820069
N0.RH.1,-0.273594735,0.24174438,0.329844997,Rhizosphere,N0,N0.RH,0,2,212,-0.023260683,636,-0.294204394,8214.814092,294079875.9,76365.86863,63416698.54,661251196.6,41556.78651,795457.4648,827484.9481,6156667.714,15325747.89,41983.92186,613655.1716,1.124672747,0.796398467,11.46394636,8.550804598,16.47857189,18.19851644,113.8979932,1.552706553,52.9,20.02442002,120,8.11,1.920858351,1.287377941,0.00494039,0.153350939,0.011636186,0.010809265,0.00482943,0.059233382,0.11566402
N0.RH.2,-0.321117081,0.024540671,0.279965753,Rhizosphere,N0,N0.RH,0,2,291,-0.268920791,726,-0.291195309,3961.03861,321910974.5,80690.0869,63062725.52,569480076.2,48430.05667,878797.3912,1060214.205,7132688.204,25139242.62,43232.68202,752980.2282,1.109150505,0.922145594,11.20197318,8.718467433,16.03424311,17.43639923,108.6411628,1.573398216,52.1,20.1135442,120,8.1,0.256402401,0.951537203,0.005924752,0.158168949,0.009338685,0.009346654,0.007995035,0.06241588,0.287071683
N0.RH.3,-0.371243004,0.195649549,0.403539126,Rhizosphere,N0,N0.RH,0,2,235,-0.412290323,524,-0.297426775,4011.057067,271225710.5,108828.0584,42750850.52,483897270.2,36673.32922,1086305.626,1303798.199,7577300.794,53024844.42,23270.0283,835526.4844,1.110307729,0.953582375,11.30676245,9.389118774,16.13422871,17.336625,113.8979932,1.567256273,50.3,20.0740436,119,8.03,0.085018507,1.084967515,0.004821331,0.153513206,0.009109372,0.008868732,0.005392078,0.052342077,0.314120415
N0.RH.4,-0.392166303,0.106999952,0.340880888,Rhizosphere,N0,N0.RH,0,2,190,-0.039906784,194,-0.01885921,1084.93419,225373717.1,66613.92041,29386109.76,269480964.1,40522.43012,1093067.177,822930.0511,4822375.207,6562128.065,53137.19649,595697.407,1.150425977,0.838314176,11.36963602,8.718467433,16.46581769,17.92855566,115.65027,1.527609835,52.7,20.15316405,120,8,0.449421603,1.035590347,0.005327318,0.150646419,0.007412271,0.008960286,0.005688205,0.029506364,-0.01152862
N0.RH.5,-0.259851215,-0.09305673,0.087042759,Rhizosphere,N0,N0.RH,0,2,182,-0.153106895,195,-0.014529162,1603.542517,195686663.3,72680.01073,21100320.47,113169079.4,49512.65138,1078454.146,772488.9709,4926215.899,11843255.28,45588.64169,917327.3133,1.132215118,0.78591954,11.12862069,8.969961686,16.34610534,17.97550464,122.6593773,1.582955949,50.1,20.25524907,120,7.99,0.360681637,1.52094194,0.00565362,0.151775518,0.009031229,0.007878001,0.004076527,0.07447219,0.090727963
N0.Z.1,-0.273594735,0.24174438,0.329844997,Rootzone,N0,N0.Z,0,1,226,0.170571331,728,-0.286701923,8037388.105,377473504.2,281714.5943,133068529.8,1098093730,41218.30333,850595.4763,757159.7353,6289082.579,3108422.093,79381.73296,220680.0202,1.124672747,0.796398467,11.46394636,8.550804598,16.47857189,18.19851644,113.8979932,1.552706553,52.9,20.02442002,120,8.11,1.920858351,1.287377941,0.00494039,0.153350939,0.011636186,0.010809265,0.00482943,0.059233382,0.261359394
N0.Z.2,-0.321117081,0.024540671,0.279965753,Rootzone,N0,N0.Z,0,1,175,0.16367286,608,-0.333782753,6922830.145,337375836.4,256253.4551,131873870.7,972791647,52415.50195,1135765.711,776354.1302,5952971.007,2842970.601,105863.5524,176787.4324,1.109150505,0.922145594,11.20197318,8.718467433,16.03424311,17.43639923,108.6411628,1.573398216,52.1,20.1135442,120,8.1,0.256402401,0.951537203,0.005924752,0.158168949,0.009338685,0.009346654,0.007995035,0.06241588,0.288449755
N0.Z.3,-0.371243004,0.195649549,0.403539126,Rootzone,N0,N0.Z,0,1,186,0.068931512,652,-0.256704036,9343119.913,277680722.1,251845.4488,96167971.55,389464047.4,33746.7998,2607186.344,460586.5358,2086814.31,2328850.571,82690.64645,87477.46895,1.110307729,0.953582375,11.30676245,9.389118774,16.13422871,17.336625,113.8979932,1.567256273,50.3,20.0740436,119,8.03,0.085018507,1.084967515,0.004821331,0.153513206,0.009109372,0.008868732,0.005392078,0.052342077,-0.132930335
N0.Z.4,-0.392166303,0.106999952,0.340880888,Rootzone,N0,N0.Z,0,1,151,0.031159536,429,-0.291393772,5085223.625,277081878.9,257256.6883,66475932.52,679289676.6,18969.507,2007957.573,355683.8092,2496707.968,2052813.19,34709.82343,125027.652,1.150425977,0.838314176,11.36963602,8.718467433,16.46581769,17.92855566,115.65027,1.527609835,52.7,20.15316405,120,8,0.449421603,1.035590347,0.005327318,0.150646419,0.007412271,0.008960286,0.005688205,0.029506364,-0.304332335
N0.Z.5,-0.259851215,-0.09305673,0.087042759,Rootzone,N0,N0.Z,0,1,162,0.066711613,613,-0.270380582,7357935.21,321953312.2,247110.2531,61808204.32,476671902.4,31300.37326,1985239.796,521662.414,2387569.983,2233978.905,87400.47742,132216.2123,1.132215118,0.78591954,11.12862069,8.969961686,16.34610534,17.97550464,122.6593773,1.582955949,50.1,20.25524907,120,7.99,0.360681637,1.52094194,0.00565362,0.151775518,0.009031229,0.007878001,0.004076527,0.07447219,-0.16312229
N2.N.1,0.008537377,-0.245032196,-0.106539183,Nodule,N2,N2.N,200,4,44,-0.530869414,67,-0.021607689,72195151.57,804087.935,106512.3413,864789.6086,451481773.8,13240.60816,8858634.997,102087.2748,11260184.58,551756175.5,0,51798.29508,1.353230692,1.151430636,28.74351156,11.32416185,18.58348131,22.78202996,167.8111371,1.174960506,31.8,20.22116904,94,7.54,0.339141197,0.676292854,0.003382716,0.259890157,0.004557887,0.008131,0.004070004,0.091038462,0.170863662
N2.N.2,0.025622568,-0.119815709,0.049914433,Nodule,N2,N2.N,200,4,43,-0.531328476,320,0.020219277,52325204.21,1167046.047,174039.7641,1155850.143,640691165.1,53485.39091,11934999.72,778297.1776,3920386.703,2629213521,0,191859.7326,1.336027092,1.352138728,29.74705202,12.42277457,18.19019675,23.17222252,155.4461059,1.201641266,31,20.63305979,94,7.55,0.292128354,0.736967397,0.003039753,0.256970227,0.005713409,0.008920349,0.004742394,0.077593957,0.679737449
N2.N.3,0.046004485,-0.12570577,0.130108798,Nodule,N2,N2.N,200,4,54,-0.530995707,174,-0.074079146,78676887.13,2186685.235,86028.75152,2751791.937,271649317.7,60884.37391,8698711.747,1917987.138,3196084.692,819006040.3,0,115031.3059,1.323506093,1.352138728,29.03929191,12.59179191,18.24356556,23.5883546,151.9132399,1.209072978,31.6,19.72386588,93,7.6,6.530287116,0.431430014,0.00193455,0.256237442,0.003230583,0.010934601,0.01558906,0.056455119,0.58099114
N2.N.4,-0.11171926,-0.156720739,0.176759708,Nodule,N2,N2.N,200,4,47,-0.530742324,276,-0.008459356,35367783.9,394287.7236,28399.95133,259544.5455,103350625.7,40247.24607,2786387.323,893197.4851,1555352.494,823722841.2,0,63541.57894,1.332627094,1.172557803,28.83858382,12.42277457,18.26255202,23.19222418,158.9789719,1.191860465,31.9,19.68992248,94,7.57,3.179865286,0.548734399,0.001688613,0.239202844,0.003503789,0.006638888,0.01096452,0.05010226,-0.0962689
N2.N.5,0.405291893,-0.096473887,-0.074387717,Nodule,N2,N2.N,200,4,36,-0.531269102,666,-0.065044028,70688302.85,1064202.792,13768.10389,452856.8063,49018137.36,17741.64596,980885.9532,295292.9316,3171091.798,548191801.7,0,53870.71807,1.335964507,1.225375723,29.55690751,11.15514451,18.40659618,23.75616884,176.6433022,1.158346334,32.3,19.50078003,95,7.53,5.821136861,2.07726536,0.001812416,0.25831144,0.003716222,0.02501296,0.024350054,0.098389434,-0.190502103
N2.R.1,0.008537377,-0.245032196,-0.106539183,Root,N2,N2.R,200,3,179,-0.25399693,299,-0.103724002,83704.13966,386920.5374,791776.7356,449756.1862,356057145.6,6526.306645,28768417.63,200150.7408,83704.13966,1474537.763,472.4433319,65280.28067,1.353230692,1.151430636,28.74351156,11.32416185,18.58348131,22.78202996,167.8111371,1.174960506,31.8,20.22116904,94,7.54,0.339141197,0.676292854,0.003382716,0.259890157,0.004557887,0.008131,0.004070004,0.091038462,-0.326897496
N2.R.2,0.025622568,-0.119815709,0.049914433,Root,N2,N2.R,200,3,337,-0.0922738,273,-0.033252944,43037.49551,545097.1767,875985.2,454435.3329,1308526963,7752.667149,34382025.48,440513.198,43037.49551,1767028.172,458.9853013,102697.5019,1.336027092,1.352138728,29.74705202,12.42277457,18.19019675,23.17222252,155.4461059,1.201641266,31,20.63305979,94,7.55,0.292128354,0.736967397,0.003039753,0.256970227,0.005713409,0.008920349,0.004742394,0.077593957,-0.143502707
N2.R.3,0.046004485,-0.12570577,0.130108798,Root,N2,N2.R,200,3,314,-0.012442493,129,-0.004492426,50884.13768,1301547.738,720288.8981,746365.219,299977070.9,7580.512332,33249237.55,250944.5214,50884.13768,1654086.895,212.1009212,67035.96,1.323506093,1.352138728,29.03929191,12.59179191,18.24356556,23.5883546,151.9132399,1.209072978,31.6,19.72386588,93,7.6,6.530287116,0.431430014,0.00193455,0.256237442,0.003230583,0.010934601,0.01558906,0.056455119,-0.307544518
N2.R.4,-0.11171926,-0.156720739,0.176759708,Root,N2,N2.R,200,3,411,-0.319944777,186,0.012471543,26819.87737,820026.3866,710314.4869,518167.9286,1489256615,6381.685689,29841790.07,335392.2115,26819.87737,1830004.955,169.5727369,65024.55528,1.332627094,1.172557803,28.83858382,12.42277457,18.26255202,23.19222418,158.9789719,1.191860465,31.9,19.68992248,94,7.57,3.179865286,0.548734399,0.001688613,0.239202844,0.003503789,0.006638888,0.01096452,0.05010226,-0.272240907
N2.R.5,0.405291893,-0.096473887,-0.074387717,Root,N2,N2.R,200,3,403,-0.041877324,280,-0.079503595,53798.72828,702788.5016,792474.5926,555529.6396,797006136.1,6221.441533,34711618.02,248065.0949,53798.72828,1634884.928,324.6520085,83491.69534,1.335964507,1.225375723,29.55690751,11.15514451,18.40659618,23.75616884,176.6433022,1.158346334,32.3,19.50078003,95,7.53,5.821136861,2.07726536,0.001812416,0.25831144,0.003716222,0.02501296,0.024350054,0.098389434,-0.25226918
N2.RH.1,0.008537377,-0.245032196,-0.106539183,Rhizosphere,N2,N2.RH,200,2,439,0.236265743,173,-0.067340436,1012.511188,242741317.5,75127.79218,47450348.76,1039479326,63808.8051,1666253.929,709806.3808,5002103.767,5139675.376,53083.49881,977830.5457,1.353230692,1.151430636,28.74351156,11.32416185,18.58348131,22.78202996,167.8111371,1.174960506,31.8,20.22116904,94,7.54,0.339141197,0.676292854,0.003382716,0.259890157,0.004557887,0.008131,0.004070004,0.091038462,0.236963609
N2.RH.2,0.025622568,-0.119815709,0.049914433,Rhizosphere,N2,N2.RH,200,2,433,0.030992596,175,-0.037182874,987.9182853,242959183.4,74959.42549,55451133.93,1156762254,64768.55384,103514.3144,828136.3373,4279697.309,9146349.861,66764.25503,511237.8375,1.336027092,1.352138728,29.74705202,12.42277457,18.19019675,23.17222252,155.4461059,1.201641266,31,20.63305979,94,7.55,0.292128354,0.736967397,0.003039753,0.256970227,0.005713409,0.008920349,0.004742394,0.077593957,0.107129
N2.RH.3,0.046004485,-0.12570577,0.130108798,Rhizosphere,N2,N2.RH,200,2,545,0.19077569,385,-0.208408654,2176.971508,339695747.1,112647.2262,77156696.41,2394222886,91681.57788,392746.9344,1538272.937,8794657.88,10937698.92,79545.63637,1099033.985,1.323506093,1.352138728,29.03929191,12.59179191,18.24356556,23.5883546,151.9132399,1.209072978,31.6,19.72386588,93,7.6,6.530287116,0.431430014,0.00193455,0.256237442,0.003230583,0.010934601,0.01558906,0.056455119,0.878521046
N2.RH.4,-0.11171926,-0.156720739,0.176759708,Rhizosphere,N2,N2.RH,200,2,558,0.179287666,247,-0.086679289,2399.115019,309081166.8,73560.25966,57735741.21,2150783666,76381.29897,1299819.781,908644.0256,4744885.936,8442499.776,47949.41398,611252.5719,1.332627094,1.172557803,28.83858382,12.42277457,18.26255202,23.19222418,158.9789719,1.191860465,31.9,19.68992248,94,7.57,3.179865286,0.548734399,0.001688613,0.239202844,0.003503789,0.006638888,0.01096452,0.05010226,0.24023609
N2.RH.5,0.405291893,-0.096473887,-0.074387717,Rhizosphere,N2,N2.RH,200,2,649,0.254091389,160,-0.022841168,6194.92987,250540400.1,82639.42985,70769862.38,2545734383,66136.71067,3036763.948,1026927.032,5587564.1,14949101.58,90359.22222,726616.6253,1.335964507,1.225375723,29.55690751,11.15514451,18.40659618,23.75616884,176.6433022,1.158346334,32.3,19.50078003,95,7.53,5.821136861,2.07726536,0.001812416,0.25831144,0.003716222,0.02501296,0.024350054,0.098389434,0.427715951
N2.Z.1,0.008537377,-0.245032196,-0.106539183,Rootzone,N2,N2.Z,200,1,408,0.329787207,578,-0.296906367,7604811.28,317308856.4,250299.6589,127563535.1,2262068898,61204.34655,1900103.094,513442.1336,2436055.731,2079810.533,106804.4001,114669.6197,1.353230692,1.151430636,28.74351156,11.32416185,18.58348131,22.78202996,167.8111371,1.174960506,31.8,20.22116904,94,7.54,0.339141197,0.676292854,0.003382716,0.259890157,0.004557887,0.008131,0.004070004,0.091038462,0.13368177
N2.Z.2,0.025622568,-0.119815709,0.049914433,Rootzone,N2,N2.Z,200,1,404,0.327414301,468,-0.272928721,12089011.75,329987912.2,238256.0146,119280222.6,2429803215,52121.09397,2385476.873,639155.1679,2802071.103,2550931.174,80478.29313,120678.443,1.336027092,1.352138728,29.74705202,12.42277457,18.19019675,23.17222252,155.4461059,1.201641266,31,20.63305979,94,7.55,0.292128354,0.736967397,0.003039753,0.256970227,0.005713409,0.008920349,0.004742394,0.077593957,0.131042963
N2.Z.3,0.046004485,-0.12570577,0.130108798,Rootzone,N2,N2.Z,200,1,401,0.351031926,505,-0.352428364,6022632.722,293447752.5,255002.8266,127121793.7,2726807269,64198.40158,1929949.511,693302.5984,3293212.275,2300039.922,102495.6204,114950.4623,1.323506093,1.352138728,29.03929191,12.59179191,18.24356556,23.5883546,151.9132399,1.209072978,31.6,19.72386588,93,7.6,6.530287116,0.431430014,0.00193455,0.256237442,0.003230583,0.010934601,0.01558906,0.056455119,0.230157091
N2.Z.4,-0.11171926,-0.156720739,0.176759708,Rootzone,N2,N2.Z,200,1,334,0.333841953,363,-0.247846836,6088459.618,296663558.1,238738.8788,122402047.2,2245538085,66117.11698,1727589.724,595220.9272,2943963.159,2154713.888,95488.31879,128621.7758,1.332627094,1.172557803,28.83858382,12.42277457,18.26255202,23.19222418,158.9789719,1.191860465,31.9,19.68992248,94,7.57,3.179865286,0.548734399,0.001688613,0.239202844,0.003503789,0.006638888,0.01096452,0.05010226,0.157599318
N2.Z.5,0.405291893,-0.096473887,-0.074387717,Rootzone,N2,N2.Z,200,1,415,0.342805202,252,-0.083829285,8804722.577,382609996.9,223425.5863,111715684.8,3435240511,51748.7227,2179321.783,411822.8645,3231298.334,1934992.816,189563.5184,153151.6667,1.335964507,1.225375723,29.55690751,11.15514451,18.40659618,23.75616884,176.6433022,1.158346334,32.3,19.50078003,95,7.53,5.821136861,2.07726536,0.001812416,0.25831144,0.003716222,0.02501296,0.024350054,0.098389434,0.250092017
N4.N.1,0.380362612,0.47599042,0.005224296,Nodule,N4,N4.N,400,4,31,-0.531079972,79,0.02287171,4917516.299,773685.2692,131867.2562,762539.5444,539548100.8,15813.4243,11231432.1,524665.4854,967712.3538,172591631,0,71874.16381,1.561654812,1.232948718,21.47211538,13.12358974,19.15786409,25.80377952,160.7447234,1.271186441,41.9,20.17362547,123,7.86,4.108568044,1.331297564,0.00418771,0.263716822,0.015249289,0.011068058,0.01508884,0.056140094,-0.460367251
N4.N.2,0.346804875,0.598666075,0.312625835,Nodule,N4,N4.N,400,4,34,-0.530796154,219,-0.019093603,39775569.27,597155.0326,5488.255309,149524.3395,16124490.93,34376.80013,988278.0904,598822.781,632662.199,89990538.95,0,37855.50921,1.55946762,1.138910256,21.63929487,12.53846154,19.20727396,25.00745019,167.7336244,1.271699637,41.4,19.86273718,122,7.88,3.636381993,1.089358518,0.004834317,0.268866975,0.009142811,0.01164381,0.014171332,0.072393956,-0.412124819
N4.N.3,0.349487587,0.582572982,0.192544952,Nodule,N4,N4.N,400,4,29,-0.530712972,99,6.76E-05,23539401.63,634865.1988,16367.03548,268198.2252,101122472.9,9327.32253,1368608.275,248485.9052,1326365.678,95515440.25,0,53758.75633,1.583918786,1.337435897,21.4825641,13.04,19.12223482,25.44755918,169.4808497,1.266474465,42.9,20.09884679,120,7.89,4.073610819,0.603639695,0.004952588,0.264363298,0.007429175,0.01145878,0.01719813,0.062067138,-0.607267015
N4.N.4,0.313241371,0.584339405,0.310202526,Nodule,N4,N4.N,400,4,24,-0.531040418,81,-0.01414657,26593562.83,505431.1921,29503.8173,300410.3034,86828263.86,10443.26547,3415727.167,41494.23308,1033950.476,303643198.7,0,51416.61573,1.564406013,1.358333333,21.14820513,12.95641026,19.15993357,24.98855023,158.9974981,1.234817814,42.6,19.91902834,124,7.9,4.025937186,0.914818059,0.004446604,0.26623426,0.012520744,0.010766997,0.01666071,0.052044188,-0.591470669
N4.N.5,0.367047909,0.593167243,0.195226282,Nodule,N4,N4.N,400,4,39,-0.530906977,74,0.054438439,6663343.721,1063937.29,116693.5102,1252903.315,398307422.2,26397.01573,12453544.14,1105415.14,609547.3085,499354721,0,66089.13645,1.528199172,1.337435897,21.44076923,12.28769231,19.08560658,25.35328211,190.4475527,1.233416252,44.6,20.23217247,124,7.87,3.492433289,1.264478044,0.004549145,0.258807098,0.008894302,0.010083438,0.015274891,0.058285824,-0.208307904
N4.R.1,0.380362612,0.47599042,0.005224296,Root,N4,N4.R,400,3,388,-0.195430949,92,0.044084818,27711.34895,631454.3834,837038.4691,543436.2352,2694184582,8950.807999,38911930.68,446538.9185,27711.34895,1754289.425,637.4346751,92557.68161,1.561654812,1.232948718,21.47211538,13.12358974,19.15786409,25.80377952,160.7447234,1.271186441,41.9,20.17362547,123,7.86,4.108568044,1.331297564,0.00418771,0.263716822,0.015249289,0.011068058,0.01508884,0.056140094,-0.072081075
N4.R.2,0.346804875,0.598666075,0.312625835,Root,N4,N4.R,400,3,419,-0.195610746,186,0.044970122,28044.51547,705035.2559,859681.278,445714.7219,1875664974,9808.354893,38551256.9,414895.6463,28044.51547,1795103.186,1033.329602,88052.37659,1.55946762,1.138910256,21.63929487,12.53846154,19.20727396,25.00745019,167.7336244,1.271699637,41.4,19.86273718,122,7.88,3.636381993,1.089358518,0.004834317,0.268866975,0.009142811,0.01164381,0.014171332,0.072393956,-0.10485325
N4.R.3,0.349487587,0.582572982,0.192544952,Root,N4,N4.R,400,3,506,-0.078675731,174,0.035976148,26677.70086,948417.7993,31373.38733,600441.8684,1357971519,12256.82981,33083986.08,494129.9166,26677.70086,1777902.718,1135.36192,99390.6574,1.583918786,1.337435897,21.4825641,13.04,19.12223482,25.44755918,169.4808497,1.266474465,42.9,20.09884679,120,7.89,4.073610819,0.603639695,0.004952588,0.264363298,0.007429175,0.01145878,0.01719813,0.062067138,-0.421055744
N4.R.4,0.313241371,0.584339405,0.310202526,Root,N4,N4.R,400,3,486,-0.121952978,186,0.016454356,28768.72825,1103073.999,30854.15202,646152.9034,1178667804,6930.760095,29686089.19,288640.3518,28768.72825,1893512.231,775.3351112,83834.54138,1.564406013,1.358333333,21.14820513,12.95641026,19.15993357,24.98855023,158.9974981,1.234817814,42.6,19.91902834,124,7.9,4.025937186,0.914818059,0.004446604,0.26623426,0.012520744,0.010766997,0.01666071,0.052044188,-0.527583123
N4.R.5,0.367047909,0.593167243,0.195226282,Root,N4,N4.R,400,3,525,-0.191677499,194,0.037181768,29801.44631,1286919.349,43443.52266,623042.0766,1849670247,10724.29388,41264704.16,416704.3103,29801.44631,1488665.9,1311.40363,94932.00479,1.528199172,1.337435897,21.44076923,12.28769231,19.08560658,25.35328211,190.4475527,1.233416252,44.6,20.23217247,124,7.87,3.492433289,1.264478044,0.004549145,0.258807098,0.008894302,0.010083438,0.015274891,0.058285824,-0.368541099
N4.RH.1,0.380362612,0.47599042,0.005224296,Rhizosphere,N4,N4.RH,400,2,534,0.227827351,328,-0.349565198,6413.506089,363001657.9,67234.96733,79929061.04,6428937278,87371.81333,1020683.721,1175173.098,4826570.508,14132718.17,53095.38636,672328.0928,1.561654812,1.232948718,21.47211538,13.12358974,19.15786409,25.80377952,160.7447234,1.271186441,41.9,20.17362547,123,7.86,4.108568044,1.331297564,0.00418771,0.263716822,0.015249289,0.011068058,0.01508884,0.056140094,0.575769892
N4.RH.2,0.346804875,0.598666075,0.312625835,Rhizosphere,N4,N4.RH,400,2,605,0.152677978,373,-0.35230858,2496.514307,341195258,56653.56554,127227129.4,3189463695,93478.64126,1335360.512,823196.5923,4371483.866,27834655.61,82156.49757,768676.1046,1.55946762,1.138910256,21.63929487,12.53846154,19.20727396,25.00745019,167.7336244,1.271699637,41.4,19.86273718,122,7.88,3.636381993,1.089358518,0.004834317,0.268866975,0.009142811,0.01164381,0.014171332,0.072393956,0.518876768
N4.RH.3,0.349487587,0.582572982,0.192544952,Rhizosphere,N4,N4.RH,400,2,679,0.223991796,548,-0.355898815,1048.026353,232208199.3,53709.45294,85974758.96,2917782406,59392.77974,1508120.19,409317.9662,3801871.05,10326068.45,65632.18433,658718.1329,1.583918786,1.337435897,21.4825641,13.04,19.12223482,25.44755918,169.4808497,1.266474465,42.9,20.09884679,120,7.89,4.073610819,0.603639695,0.004952588,0.264363298,0.007429175,0.01145878,0.01719813,0.062067138,0.135494575
N4.RH.4,0.313241371,0.584339405,0.310202526,Rhizosphere,N4,N4.RH,400,2,347,0.022272578,273,-0.0599635,1819.748048,220547530.6,46332.72327,89120734.77,2443578982,51225.23905,1756335.478,373496.8665,3649702.198,7515624.866,110227.2011,451289.0905,1.564406013,1.358333333,21.14820513,12.95641026,19.15993357,24.98855023,158.9974981,1.234817814,42.6,19.91902834,124,7.9,4.025937186,0.914818059,0.004446604,0.26623426,0.012520744,0.010766997,0.01666071,0.052044188,0.069876372
N4.RH.5,0.367047909,0.593167243,0.195226282,Rhizosphere,N4,N4.RH,400,2,619,0.273672006,324,-0.324539479,1922.897197,220246403.2,41302.5255,99177237.42,2555490368,111327.2197,1053522.106,789572.5704,4726106.58,12814862.57,88261.44303,599204.9758,1.528199172,1.337435897,21.44076923,12.28769231,19.08560658,25.35328211,190.4475527,1.233416252,44.6,20.23217247,124,7.87,3.492433289,1.264478044,0.004549145,0.258807098,0.008894302,0.010083438,0.015274891,0.058285824,0.440376482
N4.Z.1,0.380362612,0.47599042,0.005224296,Rootzone,N4,N4.Z,400,1,464,0.360141269,785,-0.323518685,11754159.62,302305108.5,232896.6815,136157013.5,5306242622,81836.53894,1775895.036,609139.8795,3027430.531,2693276.207,164421.8537,141193.2641,1.561654812,1.232948718,21.47211538,13.12358974,19.15786409,25.80377952,160.7447234,1.271186441,41.9,20.17362547,123,7.86,4.108568044,1.331297564,0.00418771,0.263716822,0.015249289,0.011068058,0.01508884,0.056140094,0.474565943
N4.Z.2,0.346804875,0.598666075,0.312625835,Rootzone,N4,N4.Z,400,1,400,0.348481003,434,-0.314946489,5662088.114,313905628.5,219186.7867,132548094.1,4852126853,70638.13055,1856333.483,570423.4587,2927883.437,2765724.831,189462.7173,136219.5404,1.55946762,1.138910256,21.63929487,12.53846154,19.20727396,25.00745019,167.7336244,1.271699637,41.4,19.86273718,122,7.88,3.636381993,1.089358518,0.004834317,0.268866975,0.009142811,0.01164381,0.014171332,0.072393956,0.404680605
N4.Z.3,0.349487587,0.582572982,0.192544952,Rootzone,N4,N4.Z,400,1,371,0.342373489,526,-0.364758414,6411558.54,300683965.7,228150.8203,129836893.8,4239320550,78385.76395,1869207.245,604157.59,3420709.82,2860103.127,183460.2648,144062.2033,1.583918786,1.337435897,21.4825641,13.04,19.12223482,25.44755918,169.4808497,1.266474465,42.9,20.09884679,120,7.89,4.073610819,0.603639695,0.004952588,0.264363298,0.007429175,0.01145878,0.01719813,0.062067138,0.428871529
N4.Z.4,0.313241371,0.584339405,0.310202526,Rootzone,N4,N4.Z,400,1,355,0.356374597,323,-0.346877133,6033043.871,327445303,239220.6333,136686790.5,3854498348,80922.11664,1901687.876,582769.3101,3666802.595,2962182.694,217911.9999,158094.9948,1.564406013,1.358333333,21.14820513,12.95641026,19.15993357,24.98855023,158.9974981,1.234817814,42.6,19.91902834,124,7.9,4.025937186,0.914818059,0.004446604,0.26623426,0.012520744,0.010766997,0.01666071,0.052044188,0.492429168
N4.Z.5,0.367047909,0.593167243,0.195226282,Rootzone,N4,N4.Z,400,1,422,0.362885701,383,-0.318622612,7926363.836,361532220.1,254224.4932,127286373.9,5450959666,72289.09148,2161423.089,658476.6345,4125035.008,3371409.697,171862.1539,182657.9683,1.528199172,1.337435897,21.44076923,12.28769231,19.08560658,25.35328211,190.4475527,1.233416252,44.6,20.23217247,124,7.87,3.492433289,1.264478044,0.004549145,0.258807098,0.008894302,0.010083438,0.015274891,0.058285824,0.510082805
N6.N.1,0.605179517,0.172553055,-0.532806408,Nodule,N6,N6.N,600,4,53,-0.530372999,60,0.049561129,58034980.1,335646.2449,15648.1805,176953.0725,40089794.42,12269.63535,2080482.706,415074.6321,1483416.55,391948450.5,0,45099.98139,1.570665246,1.461361607,20.04904018,12.61607143,18.77264166,23.76030191,165.2557727,1.217228464,38.6,20.47440699,105,7.55,4.786141983,1.970995206,0.008293104,0.314190196,0.024717205,0.014666409,0.023240884,0.067451049,-0.32858463
N6.N.2,0.561954175,0.098425858,-0.541637696,Nodule,N6,N6.N,600,4,34,-0.530944528,63,0.038618156,632826.2082,501733.6068,210410.9391,197566.7169,56809057.45,13446.46635,1566432.717,346957.4608,5493455.199,1799448640,0,47945.2147,1.497297293,1.198526786,20.02801339,12.53196429,18.00324941,24.58651044,165.2557727,1.194241687,38,20.2757502,105,7.58,5.183290494,1.945427345,0.008853039,0.319892395,0.023104895,0.016878138,0.024000338,0.057117767,-0.044709487
N6.N.3,0.604380524,0.118523479,-0.603107976,Nodule,N6,N6.N,600,4,52,-0.530256437,93,0.025205205,1480.172874,784497.6006,23216.38573,348326.0379,7954519.856,8457.035251,2536950.018,561098.7086,2608917.387,288521201,0,48053.68306,1.553301085,1.1775,20.0175,12.53196429,19.01136703,24.62158392,165.2557727,1.186198448,38.1,20.08983258,104,7.53,4.650908295,1.894211602,0.008269526,0.316867617,0.023316737,0.017839606,0.022626693,0.077561432,-0.529974765
N6.N.4,0.612689452,0.14366486,-0.629317472,Nodule,N6,N6.N,600,4,101,-0.52849622,109,0.008215028,182.8469568,1412762.202,66007.58731,1009053.935,16933376.52,17387.01799,11414731.09,542672.4589,2965556.852,141481330.8,0,63022.34739,1.517649001,1.188013393,19.69158482,13.03660714,18.27470565,24.6026169,151.1914516,1.171171171,39.4,20.14742015,104,7.52,5.052039623,1.983913891,0.008947777,0.315057254,0.024164691,0.019458845,0.027772187,0.069987572,-0.445997507
N6.N.5,0.670505282,0.256807978,-0.326083902,Nodule,N6,N6.N,600,4,116,-0.527637758,81,0.010882857,1069.367863,1969613.749,70474.8296,1180422.408,20076456.96,25084.3742,10920403.78,1532231.238,3484696.06,344391108.6,0,106020.3423,1.492331034,1.293147321,20.17520089,11.35446429,18.17473197,23.64314878,186.3522543,1.195562859,38,20.37797864,104,7.51,5.690345243,2.152451589,0.008294199,0.308932288,0.023835281,0.016678912,0.039323248,0.061979895,-0.078497342
N6.R.1,0.605179517,0.172553055,-0.532806408,Root,N6,N6.R,600,3,570,0.064276561,103,0.025705206,23981.46703,4364257.642,25118.91041,951111.0957,22416916.37,6213.662986,38693473.6,151119.5158,23981.46703,1830860.723,653.8105849,151051.5814,1.570665246,1.461361607,20.04904018,12.61607143,18.77264166,23.76030191,165.2557727,1.217228464,38.6,20.47440699,105,7.55,4.786141983,1.970995206,0.008293104,0.314190196,0.024717205,0.014666409,0.023240884,0.067451049,-0.527179265
N6.R.2,0.561954175,0.098425858,-0.541637696,Root,N6,N6.R,600,3,254,-0.164229189,126,0.020835731,30444.14102,474814.8085,36329.00921,552716.4166,479894599.9,22401.22292,35467605.74,322184.2197,30444.14102,730725.0081,772.4678691,82057.89129,1.497297293,1.198526786,20.02801339,12.53196429,18.00324941,24.58651044,165.2557727,1.194241687,38,20.2757502,105,7.58,5.183290494,1.945427345,0.008853039,0.319892395,0.023104895,0.016878138,0.024000338,0.057117767,-0.458873423
N6.R.3,0.604380524,0.118523479,-0.603107976,Root,N6,N6.R,600,3,537,0.074618183,182,0.007063981,40765.22687,1838272.029,44114.34134,1016701.51,53614284.91,5304.773605,11916362.5,220919.6047,40765.22687,1074094.44,375.4041562,31937.03089,1.553301085,1.1775,20.0175,12.53196429,19.01136703,24.62158392,165.2557727,1.186198448,38.1,20.08983258,104,7.53,4.650908295,1.894211602,0.008269526,0.316867617,0.023316737,0.017839606,0.022626693,0.077561432,-0.727838685
N6.R.4,0.612689452,0.14366486,-0.629317472,Root,N6,N6.R,600,3,607,-0.175227835,229,-0.001599493,40628.07032,9264760.945,35485.32775,1902029.501,48534057.26,8297.939911,11956419.39,430677.196,40628.07032,1692639.857,1941.339388,71722.04025,1.517649001,1.188013393,19.69158482,13.03660714,18.27470565,24.6026169,151.1914516,1.171171171,39.4,20.14742015,104,7.52,5.052039623,1.983913891,0.008947777,0.315057254,0.024164691,0.019458845,0.027772187,0.069987572,-0.648236241
N6.R.5,0.670505282,0.256807978,-0.326083902,Root,N6,N6.R,600,3,401,-0.290864277,296,0.006668146,41559.59177,17948501.33,48982.78225,1658499.394,76319563.36,24243.10342,11368796.1,571760.3749,41559.59177,2678838.706,1007.42791,155525.118,1.492331034,1.293147321,20.17520089,11.35446429,18.17473197,23.64314878,186.3522543,1.195562859,38,20.37797864,104,7.51,5.690345243,2.152451589,0.008294199,0.308932288,0.023835281,0.016678912,0.039323248,0.061979895,-0.533526579
N6.RH.1,0.605179517,0.172553055,-0.532806408,Rhizosphere,N6,N6.RH,600,2,655,0.210889206,373,-0.319298617,1731.08445,225400313.8,82773.00303,67720150.76,7681332531,113951.6771,1549295.623,816358.0843,3593977.468,14877505.88,104363.0259,482641.3509,1.570665246,1.461361607,20.04904018,12.61607143,18.77264166,23.76030191,165.2557727,1.217228464,38.6,20.47440699,105,7.55,4.786141983,1.970995206,0.008293104,0.314190196,0.024717205,0.014666409,0.023240884,0.067451049,0.549514948
N6.RH.2,0.561954175,0.098425858,-0.541637696,Rhizosphere,N6,N6.RH,600,2,501,-0.217198884,357,-0.342169355,4788.180262,323687978.5,112868.9549,92540010.27,2514594539,85003.73154,829552.8042,577328.1709,3028698.432,26415964.04,117403.8686,513340.0686,1.497297293,1.198526786,20.02801339,12.53196429,18.00324941,24.58651044,165.2557727,1.194241687,38,20.2757502,105,7.58,5.183290494,1.945427345,0.008853039,0.319892395,0.023104895,0.016878138,0.024000338,0.057117767,0.26215873
N6.RH.3,0.604380524,0.118523479,-0.603107976,Rhizosphere,N6,N6.RH,600,2,685,-0.067255413,560,-0.354629051,693.4157079,314067005,28220.09385,84812934.06,2166094311,49312.16747,236177.8694,352946.3804,3688734.9,6965932.391,200568.27,327617.8975,1.553301085,1.1775,20.0175,12.53196429,19.01136703,24.62158392,165.2557727,1.186198448,38.1,20.08983258,104,7.53,4.650908295,1.894211602,0.008269526,0.316867617,0.023316737,0.017839606,0.022626693,0.077561432,0.104993996
N6.RH.4,0.612689452,0.14366486,-0.629317472,Rhizosphere,N6,N6.RH,600,2,564,0.234599907,412,-0.362128049,417.0752882,177046531.8,31506.39027,56526788.54,3905329281,93829.47183,966157.3185,1066184.734,3274876.298,10811641.37,82561.5796,288146.4848,1.517649001,1.188013393,19.69158482,13.03660714,18.27470565,24.6026169,151.1914516,1.171171171,39.4,20.14742015,104,7.52,5.052039623,1.983913891,0.008947777,0.315057254,0.024164691,0.019458845,0.027772187,0.069987572,0.258613079
N6.RH.5,0.670505282,0.256807978,-0.326083902,Rhizosphere,N6,N6.RH,600,2,428,0.195234447,330,-0.315446521,961.4473958,99954299.54,24852.22363,38346213.99,2906456065,99643.49046,1180881.005,899874.0247,5661478.839,8269652.401,94309.10695,341281.0117,1.492331034,1.293147321,20.17520089,11.35446429,18.17473197,23.64314878,186.3522543,1.195562859,38,20.37797864,104,7.51,5.690345243,2.152451589,0.008294199,0.308932288,0.023835281,0.016678912,0.039323248,0.061979895,0.287547726
N6.Z.1,0.605179517,0.172553055,-0.532806408,Rootzone,N6,N6.Z,600,1,291,0.317781211,334,-0.211468252,2183.297511,296110593.8,195707.1812,101806184.5,12303583460,96789.72656,2908185.697,576213.305,2434928.055,2843902.02,203038.5599,137758.9095,1.570665246,1.461361607,20.04904018,12.61607143,18.77264166,23.76030191,165.2557727,1.217228464,38.6,20.47440699,105,7.55,4.786141983,1.970995206,0.008293104,0.314190196,0.024717205,0.014666409,0.023240884,0.067451049,0.686759843
N6.Z.2,0.561954175,0.098425858,-0.541637696,Rootzone,N6,N6.Z,600,1,295,0.303918502,107,0.028742138,1195.444813,331660699.2,147444.098,96897068.85,12446662149,66122.89036,1924003.976,616557.2589,2432867.219,4204641.77,271598.487,167913.6602,1.497297293,1.198526786,20.02801339,12.53196429,18.00324941,24.58651044,165.2557727,1.194241687,38,20.2757502,105,7.58,5.183290494,1.945427345,0.008853039,0.319892395,0.023104895,0.016878138,0.024000338,0.057117767,0.683645285
N6.Z.3,0.604380524,0.118523479,-0.603107976,Rootzone,N6,N6.Z,600,1,218,0.263169587,446,-0.299987014,320.2273001,291369422.6,23086.66541,102062367.5,3428212890,43253.13846,1020088.165,694433.1169,3779768.376,1582234.826,135958.5746,94837.93101,1.553301085,1.1775,20.0175,12.53196429,19.01136703,24.62158392,165.2557727,1.186198448,38.1,20.08983258,104,7.53,4.650908295,1.894211602,0.008269526,0.316867617,0.023316737,0.017839606,0.022626693,0.077561432,0.093061783
N6.Z.4,0.612689452,0.14366486,-0.629317472,Rootzone,N6,N6.Z,600,1,176,0.213008077,503,-0.328360858,202.6468781,273906351.9,23136.43325,111681299.1,4131290474,48342.16457,880519.9795,891671.5195,3500743.568,1548194.526,90406.05299,88119.34422,1.517649001,1.188013393,19.69158482,13.03660714,18.27470565,24.6026169,151.1914516,1.171171171,39.4,20.14742015,104,7.52,5.052039623,1.983913891,0.008947777,0.315057254,0.024164691,0.019458845,0.027772187,0.069987572,0.128384265
N6.Z.5,0.670505282,0.256807978,-0.326083902,Rootzone,N6,N6.Z,600,1,231,0.275553357,564,-0.330138938,327.5326229,283451504.8,22952.29197,101899799.3,4375552504,46525.17572,889876.1382,858332.9719,3931268.271,1994669.133,106714.4909,117804.761,1.492331034,1.293147321,20.17520089,11.35446429,18.17473197,23.64314878,186.3522543,1.195562859,38,20.37797864,104,7.51,5.690345243,2.152451589,0.008294199,0.308932288,0.023835281,0.016678912,0.039323248,0.061979895,0.15548781
